{"Pt4dWNSal6pfJ6V9kQ+soA==":"pexels-quintin-gellar-313776-2000x1321.jpg","3VsPmbM476bWrCqiA0afKA==":"pixelcut-export%20(2)-712x712.png","rZqTFu+FmEZfvF/x5Ly32w==":"pixelcut-export-712x712.png","G2m/MWgW38r/64JIe4aypQ==":"pixelcut-export%20(1)-712x712.png","Cfe7JLihlJEusyN5anGpjg==":"pixelcut-export%20(3)-712x712.png","bIiLarpzHM05kMYHnqbFGA==":"pixelcut-export%20(3)-712x712.png","HB3kIaH/R+2Js9OThYNAaw==":"pixelcut-export%20(4)-712x712.png","6MwSPq+Q5GZfQU0th//cew==":"pixelcut-export%20(5)-712x712.png","P3uv7W5u9ffYqWyBQdgjYg==":"pixelcut-export%20(6)-712x712.png","rJAWRHsTzVtPzI9vWFIwGg==":"pixelcut-export-1-712x712.png","N7XHt6Yw1CqSOkD6SOa8Kg==":"pixelcut-export-2-712x712.png","VDPOxjeFRVPrSMR7l8Op2g==":"pixelcut-export%20(1)-712x712.png","xVJu3pXZMdWNMYUB0Mt6gQ==":"pixelcut-export%20(2)-712x712.png","kTrBkkFtKqh/4I2ri8vdiA==":"pixelcut-export%20(3)-712x712.png","Axny0inYl1Sufo6urMogdQ==":"pixelcut-export%20(4)-712x712.png","eAI2cQLiOrFCPfDxBJt+8g==":"pixelcut-export%20(5)-712x712.png","fsBdN71DFR0U8ZkDkwKj4A==":"pixelcut-export%20(7)-712x712.png","6VGeGPJBBHTfa7J4yy9GFQ==":"pixelcut-export%20(8)-712x712.png","wgawxnaQC2t0StngnvPFAw==":"pixelcut-export%20(9)-712x712.png","1rA9U0LNj5KOKq9N/6x+sw==":"pixelcut-export%20(10)-712x712.png","Ks4TJvdGdkNnAKT4e9z31A==":"pixelcut-export%20(11)-712x712.png","sMBECgCEsS1pOpG+QXehPQ==":"pixelcut-export%20(12)-712x712.png","1RnNYxmXzTEkiMnnWChuXw==":"pixelcut-export%20(13)-712x712.png","Xyn5WqNZxSkEb5JfU1ywpw==":"pixelcut-export%20(14)-712x712.png"}